{
  "lang":"en",
  "name":"pipeline",
  "version":"0.0.0",
  "spacy_version":">=3.3.0,<3.4.0",
  "description":"",
  "author":"",
  "email":"",
  "url":"",
  "license":"",
  "spacy_git_version":"497a708c7",
  "vectors":{
    "width":0,
    "vectors":0,
    "keys":0,
    "name":null,
    "mode":"default"
  },
  "labels":{
    "tok2vec":[

    ],
    "ner":[
      "FORMAT",
      "FORMULA",
      "FUNC",
      "QUOT",
      "VAR"
    ]
  },
  "pipeline":[
    "tok2vec",
    "ner"
  ],
  "components":[
    "tok2vec",
    "ner"
  ],
  "disabled":[

  ],
  "performance":{
    "ents_f":0.9953187035,
    "ents_p":0.9954563414,
    "ents_r":0.9951811036,
    "ents_per_type":{
      "FUNC":{
        "p":0.9794476557,
        "r":0.993485342,
        "f":0.9864165589
      },
      "QUOT":{
        "p":0.9971838198,
        "r":0.9994867847,
        "f":0.9983339741
      },
      "VAR":{
        "p":0.9985240493,
        "r":0.9986974644,
        "f":0.9986107493
      },
      "FORMULA":{
        "p":0.9933195676,
        "r":0.9885168621,
        "f":0.9909123955
      },
      "FORMAT":{
        "p":1.0,
        "r":1.0,
        "f":1.0
      }
    },
    "tok2vec_loss":7394.6718787467,
    "ner_loss":406.3951671291
  }
}